{
  "feature_names": [
    "age",
    "hr_current",
    "hr_mean_6h",
    "hr_min_6h",
    "hr_std_6h",
    "hr_trend_6h",
    "bp_sys_current",
    "bp_sys_mean_6h",
    "bp_sys_min_6h",
    "bp_sys_std_6h",
    "bp_sys_trend_6h",
    "rr_current",
    "rr_mean_6h",
    "rr_std_6h",
    "spo2_current",
    "spo2_mean_6h",
    "spo2_min_6h",
    "spo2_std_6h",
    "sampen_hr",
    "sampen_bp_sys",
    "sampen_rr",
    "sampen_spo2",
    "ces_adjusted",
    "ces_raw",
    "ces_slope_6h",
    "ces_velocity",
    "entropy_vital_divergence",
    "mse_slope_index",
    "shock_index",
    "map_current",
    "pulse_pressure",
    "rr_spo2_ratio",
    "vasopressor_active",
    "sedative_active",
    "beta_blocker_active",
    "opioid_active",
    "total_vasoactive_dose",
    "inotrope_active",
    "num_active_drugs",
    "temp_current",
    "temp_deviation",
    "window_fill_fraction",
    "time_since_drug_change",
    "hr_bp_correlation",
    "entropy_drug_interaction"
  ],
  "sampen_hr_median": 0.7207545638084412,
  "sampen_bp_sys_median": 0.8173685073852539,
  "sampen_rr_median": 1.4257208108901978,
  "sampen_spo2_median": 0.12378095090389252,
  "ces_median": 0.3300086557865143,
  "age_min": 18.0,
  "age_max": 97.8899917602539,
  "age_mean": 60.49481964111328,
  "age_std": 16.193571090698242,
  "hr_current_min": 30.0,
  "hr_current_max": 171.09027099609375,
  "hr_current_mean": 88.48636627197266,
  "hr_current_std": 18.128480911254883,
  "hr_mean_6h_min": 38.221641540527344,
  "hr_mean_6h_max": 145.5146484375,
  "hr_mean_6h_mean": 87.89127349853516,
  "hr_mean_6h_std": 15.323277473449707,
  "hr_min_6h_min": 30.0,
  "hr_min_6h_max": 143.90650939941406,
  "hr_min_6h_mean": 72.35862731933594,
  "hr_min_6h_std": 14.641267776489258,
  "hr_std_6h_min": 0.0,
  "hr_std_6h_max": 36.06180953979492,
  "hr_std_6h_mean": 6.715649127960205,
  "hr_std_6h_std": 3.86837100982666,
  "hr_trend_6h_min": -2.4392223358154297,
  "hr_trend_6h_max": 3.100806474685669,
  "hr_trend_6h_mean": 0.017075983807444572,
  "hr_trend_6h_std": 0.1401207447052002,
  "bp_sys_current_min": 50.2561149597168,
  "bp_sys_current_max": 204.74966430664062,
  "bp_sys_current_mean": 114.64097595214844,
  "bp_sys_current_std": 20.956111907958984,
  "bp_sys_mean_6h_min": 53.56406021118164,
  "bp_sys_mean_6h_max": 201.1569061279297,
  "bp_sys_mean_6h_mean": 117.16014862060547,
  "bp_sys_mean_6h_std": 16.17489242553711,
  "bp_sys_min_6h_min": 40.0,
  "bp_sys_min_6h_max": 164.0,
  "bp_sys_min_6h_mean": 95.62479400634766,
  "bp_sys_min_6h_std": 17.4866943359375,
  "bp_sys_std_6h_min": 0.0,
  "bp_sys_std_6h_max": 35.61142349243164,
  "bp_sys_std_6h_mean": 10.094834327697754,
  "bp_sys_std_6h_std": 4.664783954620361,
  "bp_sys_trend_6h_min": -1.8100192546844482,
  "bp_sys_trend_6h_max": 2.2799768447875977,
  "bp_sys_trend_6h_mean": -0.018885413184762,
  "bp_sys_trend_6h_std": 0.15009169280529022,
  "rr_current_min": 4.0,
  "rr_current_max": 47.711151123046875,
  "rr_current_mean": 19.619966506958008,
  "rr_current_std": 5.909605026245117,
  "rr_mean_6h_min": 8.996423721313477,
  "rr_mean_6h_max": 37.29604721069336,
  "rr_mean_6h_mean": 18.8604679107666,
  "rr_mean_6h_std": 4.444583415985107,
  "rr_std_6h_min": 0.0,
  "rr_std_6h_max": 12.185226440429688,
  "rr_std_6h_mean": 2.8101089000701904,
  "rr_std_6h_std": 1.5786569118499756,
  "spo2_current_min": 61.52164077758789,
  "spo2_current_max": 100.0,
  "spo2_current_mean": 96.16899108886719,
  "spo2_current_std": 3.4018304347991943,
  "spo2_mean_6h_min": 82.04058837890625,
  "spo2_mean_6h_max": 100.0,
  "spo2_mean_6h_mean": 96.55902862548828,
  "spo2_mean_6h_std": 2.341926336288452,
  "spo2_min_6h_min": 58.47600173950195,
  "spo2_min_6h_max": 100.0,
  "spo2_min_6h_mean": 93.36844635009766,
  "spo2_min_6h_std": 4.0094990730285645,
  "spo2_std_6h_min": 0.0,
  "spo2_std_6h_max": 12.564068794250488,
  "spo2_std_6h_mean": 1.3951289653778076,
  "spo2_std_6h_std": 0.9879614114761353,
  "sampen_hr_min": 0.009999999776482582,
  "sampen_hr_max": 2.5,
  "sampen_hr_mean": 0.7717670798301697,
  "sampen_hr_std": 0.42153453826904297,
  "sampen_bp_sys_min": 0.009999999776482582,
  "sampen_bp_sys_max": 2.5,
  "sampen_bp_sys_mean": 0.8741147518157959,
  "sampen_bp_sys_std": 0.4118767976760864,
  "sampen_rr_min": 0.009999999776482582,
  "sampen_rr_max": 2.5,
  "sampen_rr_mean": 1.4303767681121826,
  "sampen_rr_std": 0.6087004542350769,
  "sampen_spo2_min": 0.009999999776482582,
  "sampen_spo2_max": 1.3943976163864136,
  "sampen_spo2_mean": 0.145918607711792,
  "sampen_spo2_std": 0.10537508130073547,
  "ces_adjusted_min": 0.004000000189989805,
  "ces_adjusted_max": 0.6672079563140869,
  "ces_adjusted_mean": 0.322217732667923,
  "ces_adjusted_std": 0.10576652735471725,
  "ces_raw_min": 0.004000000189989805,
  "ces_raw_max": 0.6672079563140869,
  "ces_raw_mean": 0.322217732667923,
  "ces_raw_std": 0.10576652735471725,
  "ces_slope_6h_min": 0.0,
  "ces_slope_6h_max": 0.0,
  "ces_slope_6h_mean": 0.0,
  "ces_slope_6h_std": 0.0,
  "ces_velocity_min": 0.0,
  "ces_velocity_max": 0.0,
  "ces_velocity_mean": 0.0,
  "ces_velocity_std": 0.0,
  "entropy_vital_divergence_min": 0.0,
  "entropy_vital_divergence_max": 1.1555125713348389,
  "entropy_vital_divergence_mean": 0.5264449119567871,
  "entropy_vital_divergence_std": 0.20741108059883118,
  "mse_slope_index_min": 0.0,
  "mse_slope_index_max": 0.0,
  "mse_slope_index_mean": 0.0,
  "mse_slope_index_std": 0.0,
  "shock_index_min": 0.18193116784095764,
  "shock_index_max": 2.1729860305786133,
  "shock_index_mean": 0.8046804666519165,
  "shock_index_std": 0.25761207938194275,
  "map_current_min": 34.99767303466797,
  "map_current_max": 145.8599395751953,
  "map_current_mean": 81.08635711669922,
  "map_current_std": 14.15427017211914,
  "pulse_pressure_min": -9.21412181854248,
  "pulse_pressure_max": 125.3785400390625,
  "pulse_pressure_mean": 50.33192825317383,
  "pulse_pressure_std": 17.942977905273438,
  "rr_spo2_ratio_min": 0.04107552766799927,
  "rr_spo2_ratio_max": 0.49302488565444946,
  "rr_spo2_ratio_mean": 0.20524705946445465,
  "rr_spo2_ratio_std": 0.06684082001447678,
  "vasopressor_active_min": 0.0,
  "vasopressor_active_max": 1.0,
  "vasopressor_active_mean": 0.03272978216409683,
  "vasopressor_active_std": 0.17792847752571106,
  "sedative_active_min": 0.0,
  "sedative_active_max": 0.0,
  "sedative_active_mean": 0.0,
  "sedative_active_std": 0.0,
  "beta_blocker_active_min": 0.0,
  "beta_blocker_active_max": 1.0,
  "beta_blocker_active_mean": 0.040351785719394684,
  "beta_blocker_active_std": 0.1967829316854477,
  "opioid_active_min": 0.0,
  "opioid_active_max": 0.0,
  "opioid_active_mean": 0.0,
  "opioid_active_std": 0.0,
  "total_vasoactive_dose_min": 0.0,
  "total_vasoactive_dose_max": 0.12695425748825073,
  "total_vasoactive_dose_mean": 0.0027700450737029314,
  "total_vasoactive_dose_std": 0.015407523140311241,
  "inotrope_active_min": 0.0,
  "inotrope_active_max": 1.0,
  "inotrope_active_mean": 0.015175030566751957,
  "inotrope_active_std": 0.12224871665239334,
  "num_active_drugs_min": 0.0,
  "num_active_drugs_max": 2.0,
  "num_active_drugs_mean": 0.0882565975189209,
  "num_active_drugs_std": 0.332892507314682,
  "temp_current_min": 36.190425872802734,
  "temp_current_max": 39.23868179321289,
  "temp_current_mean": 37.066070556640625,
  "temp_current_std": 0.3010810613632202,
  "temp_deviation_min": 0.0,
  "temp_deviation_max": 2.238679885864258,
  "temp_deviation_mean": 0.08505289256572723,
  "temp_deviation_std": 0.2962786853313446,
  "window_fill_fraction_min": 0.10000000149011612,
  "window_fill_fraction_max": 1.0,
  "window_fill_fraction_mean": 0.8119606971740723,
  "window_fill_fraction_std": 0.28414061665534973,
  "time_since_drug_change_min": 0.0,
  "time_since_drug_change_max": 0.0,
  "time_since_drug_change_mean": 0.0,
  "time_since_drug_change_std": 0.0,
  "hr_bp_correlation_min": -1.0,
  "hr_bp_correlation_max": 1.0,
  "hr_bp_correlation_mean": 0.053957536816596985,
  "hr_bp_correlation_std": 0.47693103551864624,